Accuracy,5% Percentile,20% Percentile,30% Percentile,50% Percentile,70% Percentile,90% Percentile,95% Percentile
0.2,1076.6959385611733,1110.0239152165357,1122.7484511738357,1145.6312201895948,1170.4499851608746,1202.7421915941316,1217.080617064823
0.30000000000000004,1134.8387614245248,1170.6327027767645,1184.8699956901423,1207.6516473395943,1232.1121988061902,1263.2261942712666,1279.461601570119
0.4,1191.1462845014578,1225.0274090251112,1238.090888565116,1261.6805459456684,1281.5440206674134,1314.4300584770365,1329.8227810602857
0.5,1240.247743587263,1270.72441760465,1284.0920260717287,1305.017020561069,1326.7599436504158,1356.8364887751802,1370.3327146149522
0.6000000000000001,1286.1180142321327,1317.1233269654863,1328.626659648452,1350.4975683044001,1369.6850379387406,1404.7468266578485,1417.9970263521632
0.7,1335.692127599639,1365.5436894192194,1375.4962848938424,1394.891106970917,1413.7040783214973,1443.867163106772,1455.605407733942
0.8,1384.222935037788,1410.5967373805145,1424.908556665689,1440.7512635864405,1456.7282674075311,1481.8618760265483,1492.5754795194473
0.9000000000000001,1440.6784273459507,1463.8236799153103,1472.305892633971,1486.5656098034851,1502.179858013348,1520.4780303594205,1531.2580038437823
1.0,1505.5063234584259,1514.9000599108438,1520.3249184548984,1529.044711921745,1538.51412105531,1555.893225656598,1563.679634941397
