Accuracy,5% Percentile,20% Percentile,30% Percentile,50% Percentile,70% Percentile,90% Percentile,95% Percentile
0.2,1082.6142705595596,1114.496186468688,1128.4344324812603,1146.514544358299,1170.3868920871448,1202.20887816827,1217.0296340888217
0.30000000000000004,1145.1807788935446,1177.1600541103624,1188.7198618142,1210.0207988578034,1231.5090189275156,1262.7062468140243,1279.362548073433
0.4,1196.6511569580136,1229.2728337404515,1244.527658772567,1266.7411012226262,1289.4105558515075,1324.1693867991503,1340.950912832058
0.5,1248.6642987185087,1280.108292862292,1292.5402485960306,1312.3638600104275,1333.3379002389736,1367.0522389524829,1384.146239716483
0.6000000000000001,1293.6636314167295,1325.208667160076,1337.6817552099142,1358.5437269512636,1375.02659667065,1403.0063952235275,1414.0366841936345
0.7,1334.7990013786632,1368.9678815326195,1381.6106214432223,1400.9874457625494,1419.342060936547,1446.421523273332,1461.0594502870051
0.8,1390.4694863844093,1420.5914665362163,1429.7859756901448,1445.706819518708,1462.2273905626294,1483.6481153147206,1495.658806882985
0.9000000000000001,1439.4082403029809,1464.5883911470946,1473.5243855231563,1487.4993923961688,1501.4002575083377,1521.4255933044974,1530.9496082069616
1.0,1506.6396757528403,1515.567108545135,1520.8229883956635,1528.8635898202108,1538.979608357482,1553.5343150436242,1563.0714056509755
