Accuracy,5% Percentile,20% Percentile,30% Percentile,50% Percentile,70% Percentile,90% Percentile,95% Percentile
0.2,1083.7781743021224,1115.654087277603,1127.5521352612116,1148.932932895296,1172.0729010691298,1205.9409580077954,1221.600939834005
0.30000000000000004,1139.4564221239557,1178.952095936731,1191.685824842168,1211.7969895259484,1232.948916290299,1264.872138302886,1278.2907726109856
0.4,1194.4047215782223,1228.8042525784206,1243.9794580173461,1264.778431421874,1286.993313434339,1321.100379436349,1336.996910859177
0.5,1246.7192979927095,1274.1290051559445,1288.122281493347,1310.353543422567,1334.7329774202376,1362.6064827607593,1378.1952430432427
0.6000000000000001,1292.6492081359129,1323.9404333939576,1333.8868817273444,1355.796876536198,1376.047993410462,1407.331472672014,1421.596642065021
0.7,1343.492390408234,1372.0348908243382,1383.989804824251,1401.9481723701103,1419.174657583033,1444.675555528252,1455.8822106725972
0.8,1392.4802856868234,1416.7119741000492,1427.0794076656914,1444.4214289458118,1461.4893338603329,1483.4137983520493,1493.1937786174892
0.9000000000000001,1439.7145418274588,1462.518220649907,1470.7212608293396,1484.5777481040059,1498.7496730715595,1518.82779845076,1527.103344038269
1.0,1506.4289655468901,1516.3653930095065,1521.315719376754,1530.0167531977584,1539.6618986686885,1555.5612027394961,1565.735838833736
