Accuracy,5% Percentile,20% Percentile,30% Percentile,50% Percentile,70% Percentile,90% Percentile,95% Percentile
0.2,1066.6499562138513,1105.9860638065873,1119.4261881134858,1141.5437364033248,1163.5712109477254,1194.9278170508114,1212.077126729302
0.30000000000000004,1137.2268375242254,1170.6425382226569,1183.6198887967134,1206.597410784152,1229.4779821143097,1261.909887045186,1275.2518454204085
0.4,1190.458870236495,1225.1612521428883,1238.0705951488828,1259.4395842629394,1282.051599114217,1311.744246192626,1326.4314272645915
0.5,1237.866795581535,1269.6776316239032,1283.6955272332293,1305.5718121123011,1328.0458313149934,1356.832155522418,1372.8975140021691
0.6000000000000001,1288.0877124582332,1318.5506036250736,1332.3624820095313,1351.1040056007607,1370.6868154464598,1404.4726089039787,1417.908729470955
0.7,1334.1402674991186,1363.6492263273128,1375.165869492486,1394.856585669585,1416.5912257486982,1444.1774033548234,1452.9534071630505
0.8,1388.8221545782533,1416.9437763528867,1426.105874622437,1440.5591905590431,1457.9447894112086,1482.1918081292251,1491.71909541134
0.9000000000000001,1443.4739163500915,1464.9723575960697,1471.8232231459003,1484.6946642498924,1499.1550081117261,1519.3763197039293,1528.5749517736272
1.0,1506.9377134007511,1516.238644654175,1520.9923524473445,1530.1948656073007,1540.0498900675098,1558.6681469914056,1566.828159836152
