Accuracy,5% Percentile,20% Percentile,30% Percentile,50% Percentile,70% Percentile,90% Percentile,95% Percentile
0.2,1266.791263380309,1295.3854247585143,1316.3616694433229,1384.4517429952944,1529.2661082189304,1638.0998710545787,1700.4133058034872
0.30000000000000004,1333.5545799095958,1352.550541660744,1357.4630693008862,1475.1621343611764,1536.0311770334874,1662.0889262417845,1731.4415033568575
0.4,1403.4457489990555,1410.8856937417072,1413.3665070122577,1423.0266408863836,1595.770107088543,1687.7648783344787,1753.6645382374331
0.5,1347.4355586336605,1393.3327336752843,1419.592966141371,1478.6085650913533,1597.8863800639701,1729.021290777977,1761.129354650798
0.6000000000000001,1385.9701090809658,1390.6017860434147,1406.7555817171783,1490.2355514501924,1586.6723384239165,1710.4024435541985,1786.6232432852228
0.7,1503.9282139143297,1556.3501297745072,1596.0088677969225,1633.9643775579193,1670.972381057072,1754.325869190131,1766.6232432852228
0.8,1549.829898696901,1565.307406090331,1572.7436948830336,1607.6367521781742,1646.5949345912006,1729.7382627998236,1786.6232432852228
0.9000000000000001,1555.1603179931726,1560.0365668061343,1565.4013374802585,1576.8758484209827,1614.3585472006594,1754.325869190131,1800.0
1.0,1610.8338732941168,1634.6580681059002,1643.71382778981,1649.4470917169174,1685.317438508039,1726.0916524354934,1761.129354650798
