Accuracy,5% Percentile,20% Percentile,30% Percentile,50% Percentile,70% Percentile,90% Percentile,95% Percentile
0.2,1080.640411291266,1111.9019975252618,1126.310043024303,1147.116151156557,1171.017734635475,1204.6856136970885,1220.8833785501904
0.30000000000000004,1146.8621878891308,1175.4808489174382,1187.9530115285716,1209.2235518521707,1232.3457837079766,1266.1062591094153,1281.9019389111072
0.4,1198.9071333921322,1226.861972661245,1238.772931370073,1264.181024324079,1284.2663134411746,1317.2560091422454,1330.8830746268707
0.5,1246.260013767039,1280.5961832783246,1291.4198323902249,1313.0835880821849,1333.1047559542128,1362.8931406308814,1375.6321197926206
0.6000000000000001,1295.2805617977597,1326.2556312279687,1338.8366688570839,1359.4564594120018,1378.6632802285806,1408.1016938249788,1419.1604527820118
0.7,1343.2367907934076,1369.496590749553,1380.588786310391,1399.1336010347734,1419.1942779682945,1443.4128692127206,1457.2505668562524
0.8,1388.8429368921377,1414.988197000654,1425.9634598068094,1441.763128638129,1459.346010767321,1483.7356027302399,1496.3706319300288
0.9000000000000001,1444.2754862753488,1464.389120255649,1473.135464568101,1487.3185358184858,1499.5237463555995,1522.277136492184,1531.691075463981
1.0,1507.717578449935,1517.2310987169537,1521.9825271272764,1529.926782145297,1538.8666741505706,1555.9638722010156,1566.4235070130183
