Accuracy,5% Percentile,20% Percentile,30% Percentile,50% Percentile,70% Percentile,90% Percentile,95% Percentile
0.2,1073.8026418787235,1106.192096224944,1118.9956087582523,1140.0391822303627,1161.6005526785016,1197.5522303190357,1212.2582431369706
0.30000000000000004,1134.810726911235,1162.7515079258426,1175.7284493100601,1198.7268941741593,1222.2160157178248,1258.5630870447483,1273.5541068159962
0.4,1179.0386429639498,1212.2328867242143,1226.6110974311487,1251.1363790875146,1274.914253256552,1306.6366349791908,1322.5272374291314
0.5,1242.1031149066478,1269.7749680256284,1281.4737098538412,1302.6567457201636,1323.342813932926,1353.9613954920126,1369.6171945428227
0.6000000000000001,1288.2575383224876,1317.99786258392,1329.8877763683643,1347.7885073885604,1368.8974249467567,1397.6983887950275,1411.0993865543073
0.7,1340.7659446169673,1366.9326363369503,1377.599120109744,1396.29100614757,1414.7569226078092,1440.7103871418897,1452.275217319353
0.8,1381.8959241258005,1410.4448168629863,1420.4558280743418,1439.4184081609096,1456.9243624930107,1480.1747132421801,1492.926214347451
0.9000000000000001,1439.8973542833376,1464.4563766178771,1473.827290764405,1488.371285490325,1502.2630757605848,1520.8180843201349,1529.9857971656343
1.0,1508.3322460794232,1516.510257398995,1520.9797578475113,1529.181918186558,1538.8233262823005,1553.7643709772708,1562.8446839163787
