Accuracy,5% Percentile,20% Percentile,30% Percentile,50% Percentile,70% Percentile,90% Percentile,95% Percentile
0.2,1257.2628193254895,1284.5482097201068,1297.4563403295392,1317.1253756588933,1337.19537970369,1368.8953681275807,1382.680189879953
0.30000000000000004,1289.104914472752,1318.1653817589781,1330.1889707496966,1350.520783069493,1372.2422236664108,1400.5621589805767,1420.5152295796506
0.4,1319.882623845718,1349.3125067238625,1362.9700204914095,1383.8810319384481,1403.4687554701743,1434.1687748917539,1455.9512785165298
0.5,1350.061064620116,1382.4094285337594,1396.0983046993424,1419.2196615702428,1442.6698810656699,1475.0930756038586,1493.9525929663753
0.6000000000000001,1384.661626301784,1421.203260017416,1433.4266175666687,1451.7881067264016,1473.2895105264104,1506.4646691663108,1524.495524020501
0.7,1421.489421707101,1449.4424373230997,1463.3735217801222,1484.7228040245604,1506.0681404653756,1537.0484257833,1550.411199135744
0.8,1462.5123549147136,1495.7587613431501,1505.2676166481745,1523.0825767302379,1542.0742048736863,1569.0684632694977,1584.4566023544946
0.9000000000000001,1512.3880850604448,1537.3838693978776,1547.6483406817786,1564.601213852493,1579.8829964028898,1604.5566684415692,1617.0474675826606
1.0,1569.377023649896,1584.1695580055928,1590.6066157170578,1601.4721619166119,1614.267181227696,1633.8222541851082,1644.3194392294865
