Accuracy,5% Percentile,20% Percentile,30% Percentile,50% Percentile,70% Percentile,90% Percentile,95% Percentile
0.2,1077.8740223175978,1111.144176842701,1124.3458410154365,1146.9839309064087,1171.4175788561433,1202.264725325757,1222.0590036372419
0.30000000000000004,1147.0183888728702,1180.3257354462403,1192.8817766894233,1212.7137106450791,1233.6729823990318,1269.2642189209091,1283.8284623861803
0.4,1193.7523959817834,1229.5051054653568,1242.115789765511,1263.876577405887,1285.6596971821748,1317.0859843500555,1333.9155347962833
0.5,1250.1389621302983,1278.951546466773,1291.252876445018,1311.4651942169535,1335.9108504615429,1366.051443954733,1379.6314270585726
0.6000000000000001,1290.1962523297852,1323.9522230988198,1336.2490321863108,1357.0123388739732,1376.5809460105534,1405.7574322226876,1418.4227380166512
0.7,1339.6489100027716,1369.6032801596768,1381.484904553587,1401.04510915673,1419.7235368990598,1445.939377933569,1456.6398965494936
0.8,1387.8036347919542,1415.1090183500562,1425.96879070337,1443.0449801944903,1459.5103879848084,1484.8259472302502,1493.7649405045618
0.9000000000000001,1442.2510337228969,1465.2270427989588,1473.6444035656316,1487.092565907722,1500.364671292582,1519.9893017631118,1529.9046700974461
1.0,1507.181434249606,1516.4480922839798,1520.989365746592,1530.3770995199864,1539.8570345488924,1556.8419759714543,1565.8251858091344
