Accuracy,5% Percentile,20% Percentile,30% Percentile,50% Percentile,70% Percentile,90% Percentile,95% Percentile
0.2,1078.766028348265,1111.565828721963,1123.866799039882,1147.1828582813312,1169.3687755909582,1211.6847656776488,1225.0007076682696
0.30000000000000004,1149.9643296784423,1178.6102107030551,1190.3985766215453,1214.1826656389833,1238.9470128540613,1269.5402254590726,1285.0328134179795
0.4,1183.057079997825,1219.338420470541,1233.7949349275982,1256.791595590786,1278.8504650949899,1322.1171861206697,1340.610780550659
0.5,1229.65596183499,1259.673126341258,1274.2705757502745,1296.6045057766619,1319.2084222662693,1355.8089048370666,1370.6984374524018
0.6000000000000001,1278.0324561279472,1318.43825783949,1331.8844231037972,1350.90465918092,1372.2672539910945,1400.1456705599871,1416.7029445076219
0.7,1321.5729536545734,1355.308113376875,1367.0345767062981,1388.5059736734045,1409.9635791583685,1441.612058937674,1457.434888386536
0.8,1373.1433138067655,1406.024253574297,1416.3166874326218,1435.023863191087,1454.149063149296,1477.3582881578275,1491.56480102843
0.9000000000000001,1439.2253763609747,1463.8060570040882,1473.0687219690171,1488.8565345435684,1502.4562240137834,1529.102329386696,1540.6335390800018
1.0,1506.343058757759,1516.0984901725528,1521.0507140941675,1529.9009794514966,1540.249311776321,1559.2357256718235,1569.7025779369876
