Accuracy,5% Percentile,20% Percentile,30% Percentile,50% Percentile,70% Percentile,90% Percentile,95% Percentile
0.2,1083.5668569221602,1113.7969020184257,1128.8193464222488,1150.3535001038967,1172.8456664480393,1204.8752622829547,1221.8329116214254
0.30000000000000004,1142.6069211988256,1174.2889583818444,1184.925225263735,1209.1954629753384,1233.333369447208,1267.5998870737135,1278.3644949310467
0.4,1197.5464015574876,1230.9032782933525,1242.4164881818444,1264.9891008768338,1288.0877789421133,1321.4926782758212,1333.4407115997838
0.5,1244.3237063497124,1275.9869179468355,1288.0727837999618,1310.0087689319753,1330.0006678058376,1364.1081383325545,1378.2487661333548
0.6000000000000001,1297.0537497983933,1325.851928522151,1339.0687237072755,1358.539077401805,1380.3400347023426,1410.0694429177365,1421.5814543490844
0.7,1340.685321547015,1371.692548132422,1383.0789416723592,1400.4871062898262,1418.767028377949,1445.3794009252324,1457.8397778947322
0.8,1394.3996217163665,1416.0512500145744,1425.3858251223535,1443.6828289535474,1459.3883579760209,1482.3297402295007,1493.2093752858982
0.9000000000000001,1441.7623035393685,1464.5872344698632,1472.4981329475029,1486.6041715784966,1499.0560829929107,1521.5251046122278,1530.412446672727
1.0,1506.734687737574,1515.0781856676665,1520.104331993561,1528.5869580843423,1538.7541946762678,1555.8652375778613,1563.5025710995915
