Accuracy,5% Percentile,20% Percentile,30% Percentile,50% Percentile,70% Percentile,90% Percentile,95% Percentile
0.2,1077.9006464052654,1115.118714325004,1128.0126240753973,1149.6221686207566,1172.3940713520471,1203.4776027143907,1218.0382628611612
0.30000000000000004,1138.0337705804848,1174.682946951308,1187.6787048356748,1211.1949392151646,1232.0807916665544,1264.04472331027,1279.4193867199726
0.4,1194.8635991383799,1227.8154833282708,1241.4050137592965,1264.706111184774,1285.8683412377925,1316.2747706677048,1333.0312874634599
0.5,1246.396026839985,1279.8422954055382,1290.2728975602408,1310.6710177792918,1330.9895618932374,1361.83465208233,1375.2914035980914
0.6000000000000001,1291.627061254965,1323.9914533155088,1337.021264601227,1358.5054145217935,1378.8713260695013,1407.8786320803458,1424.7582323741096
0.7,1337.7083809507649,1368.9148210132703,1380.9792651065902,1401.6876627929246,1421.697710419793,1451.306198869708,1460.4808112810572
0.8,1390.4661157054757,1415.7436053393117,1425.9360194213473,1443.2374880022696,1459.3288199002855,1481.5885638515922,1490.806270627217
0.9000000000000001,1439.42904594368,1464.8582328800435,1473.186391167557,1486.4770822068429,1501.4033841049418,1521.900465143063,1531.4901227110954
1.0,1505.6833502202892,1515.9914187941238,1521.4467894961815,1530.2249786843856,1539.7146259899782,1555.6414853377437,1565.1920546653844
