Accuracy,5% Percentile,20% Percentile,30% Percentile,50% Percentile,70% Percentile,90% Percentile,95% Percentile
0.2,1080.8945797139522,1113.6141143377058,1127.0470308475576,1149.057073582246,1171.0135234006214,1206.590438631408,1224.0819464837311
0.30000000000000004,1144.5977572666277,1177.2298151507673,1189.1381492505016,1210.373331781829,1230.4616838251695,1265.0476846949998,1282.1720488919805
0.4,1194.5771967130327,1228.7628428783978,1241.5605465176563,1261.4876126797176,1283.9878007232862,1318.0278773923078,1332.720845139839
0.5,1241.671246754567,1276.4467104688144,1289.4799171473667,1310.074190429133,1331.087336970407,1359.6791053872014,1376.1748625175337
0.6000000000000001,1291.8698674849024,1322.4251378776667,1334.7371351682932,1355.1973592730524,1376.494656765794,1402.5019503765425,1414.0503450506546
0.7,1341.539722451199,1370.6057442171655,1381.5612969214194,1400.9632499694835,1418.816599392713,1445.2718990618357,1458.9489197097123
0.8,1391.4585853779622,1419.0855636163153,1427.1427626483414,1441.8055591128607,1458.2651422616407,1481.994078575907,1494.667581026178
0.9000000000000001,1443.6982071518541,1462.1421596285197,1470.3380223320632,1484.2419708483856,1499.4893369384652,1521.3379318431864,1531.8445555902213
1.0,1507.411981565386,1515.937373214143,1520.180453002466,1528.8425586850792,1538.7497328242105,1555.7022467158567,1564.5444799452375
