Accuracy,5% Percentile,20% Percentile,30% Percentile,50% Percentile,70% Percentile,90% Percentile,95% Percentile
0.2,1072.0336875001767,1109.2589676781836,1122.3574612752516,1144.008735484427,1165.7172436846802,1200.3659306788238,1218.6962423048137
0.30000000000000004,1134.5443270138003,1167.4491332672947,1181.2328250250034,1203.6427049313952,1224.0166587165452,1257.7889093792528,1270.5370016855459
0.4,1191.1581532559344,1222.578214540679,1233.8054258910072,1255.2697689049098,1278.522385189149,1307.7138160026682,1318.6639194389954
0.5,1240.0535769464225,1273.9220634131375,1286.749816077226,1305.4639012412827,1328.0480248230667,1359.7683534040466,1374.8772202224814
0.6000000000000001,1284.8827447324402,1318.4935261108221,1331.4919639738105,1354.0805400753495,1371.6767588895063,1400.0097563771783,1415.828422290543
0.7,1333.882032242735,1364.605125199613,1376.2566361204013,1396.3605324462599,1414.4586796244303,1443.2832944783456,1454.0673370544625
0.8,1385.4296430493157,1414.6809207762376,1424.7221494964585,1442.5916674302148,1458.034561811364,1481.2444806017372,1491.0181984193841
0.9000000000000001,1441.911624787526,1462.5746417595217,1469.9061232978236,1483.994267736976,1498.7853017914024,1519.2320267415967,1527.4811921482124
1.0,1507.1507393755646,1516.2149284392083,1521.172964966635,1529.9925989424883,1540.5939736850041,1554.6562916685486,1564.140213328189
