Accuracy,5% Percentile,20% Percentile,30% Percentile,50% Percentile,70% Percentile,90% Percentile,95% Percentile
0.900 ~ 1.000,1472.958490274687,1498.6750252152156,1508.7275144461362,1525.300779206656,1541.612191121878,1564.5696991678024,1575.2878132066985
