Accuracy,5% Percentile,20% Percentile,30% Percentile,50% Percentile,70% Percentile,90% Percentile,95% Percentile
0.400 ~ 0.500,1224.919811288207,1248.684557659291,1258.4070824028802,1274.6180369481776,1291.1510658004838,1315.4303787377135,1327.2543296019787
