Accuracy,5% Percentile,20% Percentile,30% Percentile,50% Percentile,70% Percentile,90% Percentile,95% Percentile
0.2,1083.4501996000643,1119.726930606083,1133.1845835569027,1155.3966931719292,1179.2661310822011,1208.033566509718,1229.417407098836
0.30000000000000004,1148.2247449340966,1182.1748549481813,1193.6211800844978,1215.0747081921604,1238.1541146053064,1272.5465106779093,1287.9994092644067
0.4,1201.2736529880208,1228.8691498641053,1241.7767717548345,1263.3376025358414,1285.0706577727094,1318.2408915641795,1336.2271189477826
0.5,1250.5627135819657,1278.8276325535792,1289.6663046279607,1311.5223730359637,1333.6733172311754,1363.1158737456387,1379.6000558989624
0.6000000000000001,1299.031812228511,1326.4886875457073,1337.6444145354042,1358.458728928469,1379.314496011382,1408.7134154634853,1419.9710762389777
0.7,1340.4347563185565,1372.5022183751973,1382.8263498895822,1402.2128325417566,1420.6569123686756,1447.9020496921066,1461.921023786949
0.8,1393.5115288425898,1418.6574052116603,1427.6109585588647,1445.5602721166185,1462.8344343704555,1486.7967851839728,1498.0642998536782
0.9000000000000001,1440.48617353989,1462.885905200514,1472.0772959024462,1486.479127244713,1501.2901784981598,1522.3878126559462,1532.8168010947263
1.0,1506.8308130065802,1516.7238866621644,1521.1132359511284,1528.769332175557,1539.9818458844582,1555.9707372789462,1564.5008911558064
