Accuracy,5% Percentile,20% Percentile,30% Percentile,50% Percentile,70% Percentile,90% Percentile,95% Percentile
0.2,1085.6764931883808,1118.196104045174,1130.6568561179356,1152.0192950867458,1174.7708146217144,1211.0013127285047,1226.3522852842834
0.3,1145.632238580048,1178.227237471521,1191.675823901955,1213.8133602771388,1234.3016389514958,1266.4008688667345,1285.2929556075073
0.4,1199.8134697041473,1230.9999827867762,1243.2600859730542,1265.687582578134,1286.893290148682,1320.344583394448,1335.5448458233384
0.5,1252.8847167766476,1279.1693266520836,1290.7580821909303,1311.861269547306,1330.6775892440128,1360.8159626692309,1379.069368281284
0.6,1292.912041640404,1324.6895852279317,1336.8621223766606,1355.8807744302376,1374.4989926278536,1401.0858291903087,1415.790424879496
0.7,1341.7090905429689,1371.7025727506577,1383.339435949682,1402.849732626063,1421.4271234773262,1447.9028386985071,1459.380547479564
0.8,1390.8970975789505,1417.824083590377,1428.8501193736083,1445.5558477317159,1461.2031773239396,1484.6067881640292,1496.5815474977435
0.9,1440.9932291250118,1464.73889788307,1474.2556676948857,1487.45324825414,1500.2503541809824,1519.7647194586611,1532.2137911191217
1.0,1506.8693228844154,1516.194605616594,1520.6092891726523,1529.470916589336,1539.2514949606207,1555.7070390225335,1566.434703038811
