Accuracy,5% Percentile,20% Percentile,30% Percentile,50% Percentile,70% Percentile,90% Percentile,95% Percentile
0.400 ~ 0.500,1301.582376829243,1340.8848886529242,1358.1432390090042,1388.2649930594978,1421.5935273350506,1469.0426378213153,1491.37277104036
0.500 ~ 0.600,1319.0516032429587,1358.992478730263,1376.4443439924335,1406.4350173850632,1438.7760232826759,1485.193481619388,1507.046375878563
0.600 ~ 0.700,1338.0894951637897,1378.4832495508406,1395.557573653307,1424.6510883765716,1455.7615787754003,1501.206116826519,1522.1834965027956
0.700 ~ 0.800,1359.7218563877843,1397.882248444171,1414.3000751180587,1442.7445318988746,1473.2012797287093,1517.4463195665842,1538.4341115931718
0.800 ~ 0.900,1380.1257337050083,1418.4773720121214,1434.557528594848,1461.9723097169908,1491.3812037823777,1534.085900769573,1554.1709162132756
0.900 ~ 1.000,1400.473423290694,1438.795692568961,1454.4034964292098,1481.1364574055274,1509.5205889850454,1549.620768613358,1568.1865258819773
