Accuracy,5% Percentile,20% Percentile,30% Percentile,50% Percentile,70% Percentile,90% Percentile,95% Percentile
0.400 ~ 0.500,1328.1824145140702,1359.2150141001334,1365.058417103417,1382.3426427544348,1400.2456989385055,1422.9268529210692,1437.934334677637
0.500 ~ 0.600,1341.169201379716,1363.3154833732522,1377.9765603534452,1392.9870446949071,1403.3520484710004,1432.2999734556279,1439.9964321991965
0.600 ~ 0.700,1346.7901441358115,1376.732501645301,1381.1537473797032,1399.518120512516,1415.6968826211983,1436.8991872466754,1447.976997289674
0.700 ~ 0.800,1360.1348876620195,1380.741884907487,1387.7053392063633,1401.0840285005768,1418.9161778223724,1439.7085927788155,1454.1320344506619
0.800 ~ 0.900,1365.3394093575646,1385.5749952053552,1399.0476812800573,1411.6181735728824,1421.1500225556908,1449.226333388702,1457.6829776583004
0.900 ~ 1.000,1379.222463975692,1399.0373656550073,1400.0623896173659,1418.7448004146293,1434.4534734959598,1455.5013247224786,1468.4576279257763
