Accuracy,5% Percentile,20% Percentile,30% Percentile,50% Percentile,70% Percentile,90% Percentile,95% Percentile
0.400 ~ 0.500,1311.4815303816374,1344.0859097527236,1357.0749455955945,1378.8499774443092,1398.8230601074133,1427.0115765015066,1440.2090044359506
0.500 ~ 0.600,1325.6672056371906,1356.389472865771,1366.4370263278147,1385.4002105680308,1404.2344096023435,1434.1762429979317,1446.32831308057
0.600 ~ 0.700,1340.5206628926542,1366.1416131180886,1379.457341717704,1397.6460468895214,1415.3351756623579,1439.1852517260936,1453.2575764679527
0.700 ~ 0.800,1350.8379711800185,1379.6059452379513,1387.241365533964,1403.409283451219,1421.1461749717075,1449.6549655079461,1460.9796487506896
0.800 ~ 0.900,1363.7310965404179,1386.8541814244131,1399.126272617729,1416.4537299530887,1433.6035637861892,1457.6263242946018,1471.7244273058686
0.900 ~ 1.000,1377.9003511950798,1399.639787460575,1405.286195752563,1422.0536450953102,1440.540197452051,1470.5731970968127,1484.2142522395163
