Accuracy,5% Percentile,20% Percentile,30% Percentile,50% Percentile,70% Percentile,90% Percentile,95% Percentile
0.400 ~ 0.500,1300.2356575380202,1340.0435091581085,1357.621371801011,1388.4319769126137,1421.4740709524517,1469.635708189061,1492.0381701900842
0.500 ~ 0.600,1318.3634495469307,1358.3410417532627,1375.5097332566331,1405.515707270105,1438.8499774443092,1485.5718517862879,1506.8831621955774
0.600 ~ 0.700,1339.0173226922084,1379.1269239327714,1395.890608827583,1424.5117567413174,1456.1502841541792,1501.2617615077493,1523.1996222623243
0.700 ~ 0.800,1359.103337123986,1398.5268205727727,1414.996976988921,1443.1831617405114,1473.9691665323533,1517.1329312130704,1537.6701526565041
0.800 ~ 0.900,1380.8630842870566,1418.7407473158373,1434.9028611239464,1462.4898207994374,1491.7122202279531,1533.3214514859437,1553.5873468681061
0.900 ~ 1.000,1400.8429853635982,1438.4771935083452,1454.2502776214167,1481.4517863497986,1509.5295093455763,1550.0323124426095,1568.9161517684659
