Accuracy,5% Percentile,20% Percentile,30% Percentile,50% Percentile,70% Percentile,90% Percentile,95% Percentile
0.400 ~ 0.500,1361.1500225556908,1380.0,1382.1054505121733,1400.0,1400.0,1420.0,1420.0
0.500 ~ 0.600,1364.377278379338,1380.0,1398.8499774443092,1400.0,1400.0,1420.0,1420.0
0.600 ~ 0.700,1378.8499774443092,1381.1500225556908,1400.0,1400.0,1400.0,1420.0,1421.0840285005768
0.700 ~ 0.800,1380.0,1398.8499774443092,1400.0,1400.0,1400.0,1420.0,1421.1500225556908
0.800 ~ 0.900,1380.0,1400.0,1400.0,1400.0,1400.0,1420.0,1429.5028040662382
0.900 ~ 1.000,1380.0,1400.0,1400.0,1400.0,1400.1281780699364,1420.0,1437.7075346495083
