Accuracy,5% Percentile,20% Percentile,30% Percentile,50% Percentile,70% Percentile,90% Percentile,95% Percentile
0.400 ~ 0.500,1346.747320640321,1378.7222474065381,1380.0,1398.8499774443092,1400.0,1420.0,1434.413561297242
0.500 ~ 0.600,1360.065968938621,1380.0,1381.0840285005768,1400.0,1401.1390845730218,1420.18857792472,1436.750510681862
0.600 ~ 0.700,1361.1500225556908,1380.0,1383.1878748477436,1400.0,1402.2924653504917,1421.1500225556908,1437.948355826896
0.700 ~ 0.800,1364.2785412449398,1381.1500225556908,1398.8499774443092,1400.0,1416.81347513545,1427.8272325475155,1438.8499774443092
0.800 ~ 0.900,1378.9161778223724,1397.8945494878267,1400.0,1400.0,1418.8499774443092,1436.7286497611533,1440.0
0.900 ~ 1.000,1380.0,1400.0,1400.0,1400.1247792302017,1420.0,1438.7877934294868,1445.2367738309201
