Accuracy,5% Percentile,20% Percentile,30% Percentile,50% Percentile,70% Percentile,90% Percentile,95% Percentile
0.400 ~ 0.500,1300.3435692275978,1340.759599964215,1357.7221596319803,1388.3009669422047,1421.5527567888078,1469.6495788372592,1492.3372345155592
0.500 ~ 0.600,1319.529409896694,1359.4722942909912,1376.659289609105,1406.293715494391,1438.8612621835807,1485.135723652256,1506.4274779749758
0.600 ~ 0.700,1338.8890633293404,1378.7752374655206,1395.9151481577255,1425.2190832514052,1456.5170620001397,1501.5018250433425,1522.1290753505275
0.700 ~ 0.800,1359.9767657691589,1399.0768699441535,1415.5830021347451,1443.943434835032,1474.3416069357606,1518.5442910955305,1538.9634114528258
0.800 ~ 0.900,1380.4191264921044,1418.6208725909269,1434.2050701623727,1462.123649465117,1491.3872401312558,1534.030975728935,1553.8950496396699
0.900 ~ 1.000,1400.1873764379286,1438.264484510984,1453.8491037214517,1480.5447420064424,1508.40196532446,1549.64656242558,1568.786883431756
