Accuracy,5% Percentile,20% Percentile,30% Percentile,50% Percentile,70% Percentile,90% Percentile,95% Percentile
0.400 ~ 0.500,1311.5630874210256,1343.9732722371066,1357.239868608231,1378.604176368461,1398.878746399187,1426.66636618038,1440.212525175772
0.500 ~ 0.600,1325.7145660627045,1356.1645880362028,1366.2512563427829,1385.4806341924495,1404.3705848281522,1433.9412309033933,1446.1251907213457
0.600 ~ 0.700,1340.3697709452222,1366.0298070779963,1379.3603615967909,1397.7663644194104,1415.847724056938,1439.52284016623,1453.5133870577508
0.700 ~ 0.800,1351.1106293443956,1379.5281433981638,1387.0914436525984,1403.3578060247044,1421.1500225556908,1449.9008708922759,1461.190889473407
0.800 ~ 0.900,1363.7701753487922,1387.2692438737126,1399.415907288688,1416.7506917260912,1433.816457429095,1457.606957693923,1471.6058471691063
0.900 ~ 1.000,1377.3567267913468,1399.475924133527,1405.198264164169,1421.8751484832417,1440.5007470049434,1470.7473321734692,1484.6779408730322
