Accuracy,5% Percentile,20% Percentile,30% Percentile,50% Percentile,70% Percentile,90% Percentile,95% Percentile
0.400 ~ 0.500,1300.8399299186212,1341.2402802751515,1358.1027580338261,1388.5393338129177,1421.4594662491288,1469.0975805895146,1491.3634412142774
0.500 ~ 0.600,1319.105968350732,1359.531104945256,1376.5091224343928,1406.1318911451315,1438.3876187296887,1485.8556905494743,1507.8772890463886
0.600 ~ 0.700,1339.616605448856,1378.9892011136449,1396.2999323703687,1424.8887590988022,1456.601913837996,1501.6682173408587,1523.0322038705353
0.700 ~ 0.800,1359.1435764753753,1397.9034622071022,1414.3566041084005,1443.1414791819716,1473.7239255119348,1517.868896126102,1538.195895724451
0.800 ~ 0.900,1380.2955213726996,1418.7453116942315,1434.7340737426266,1462.1497802329727,1491.256368108998,1533.4661456519323,1553.062457245988
0.900 ~ 1.000,1400.215693675601,1438.377916930541,1453.9225809221798,1480.7399968126174,1508.7743473129842,1549.798905285628,1568.7367336962975
