Accuracy,5% Percentile,20% Percentile,30% Percentile,50% Percentile,70% Percentile,90% Percentile,95% Percentile
0.400 ~ 0.500,1327.8124993294284,1358.9516237266926,1364.5597436234589,1382.2926810785086,1400.307752951112,1422.5648078180147,1437.96637164757
0.500 ~ 0.600,1340.7254188488425,1363.3140030397963,1378.0978294064817,1393.4573990942702,1403.3420947188022,1432.7262514730355,1440.1339429874488
0.600 ~ 0.700,1346.990985250477,1376.8116949113253,1381.1538207141712,1399.3416236397104,1415.6808593656347,1436.7499643899273,1447.699593480144
0.700 ~ 0.800,1360.6163641726241,1380.3698006702646,1387.1206415640374,1401.0214325602617,1418.9121719339648,1439.091443081207,1453.8678470665477
0.800 ~ 0.900,1364.7930098076963,1385.0908814743368,1399.0328631229113,1410.7590873123354,1421.1500225556908,1449.5492819866804,1457.7475852443072
0.900 ~ 1.000,1379.2876637618574,1398.9785674397383,1400.0334633974892,1418.7840085056882,1434.5175926159216,1455.4935386474988,1468.4100291414616
