Accuracy,5% Percentile,20% Percentile,30% Percentile,50% Percentile,70% Percentile,90% Percentile,95% Percentile
0.400 ~ 0.500,1301.1700249041294,1340.5508081900603,1357.7575227128286,1388.4702497783317,1421.879827271147,1470.487349042183,1492.5016769523543
0.500 ~ 0.600,1319.3423368374697,1358.8959935035164,1376.1658083827915,1406.3591211543473,1438.3835733673413,1484.9722647552665,1507.5894301645437
0.600 ~ 0.700,1338.2975145856444,1378.440954581898,1395.6031350250278,1424.9138008477012,1456.8674463896214,1501.9986855577486,1523.5017964035126
0.700 ~ 0.800,1358.932254655202,1398.0262898938483,1414.5244462951202,1442.9141330649136,1473.7058699479185,1517.456477256513,1538.0578797694366
0.800 ~ 0.900,1380.0,1418.2595109725698,1434.7414882809435,1462.2822877766491,1491.910689751514,1534.259339762204,1553.6937332990772
0.900 ~ 1.000,1401.1500225556908,1438.4585247216958,1454.3220594709235,1481.246990056355,1509.4102297013465,1550.0157198211673,1568.9802826525024
