Accuracy,5% Percentile,20% Percentile,30% Percentile,50% Percentile,70% Percentile,90% Percentile,95% Percentile
0.400 ~ 0.500,1361.1500225556908,1380.0,1381.2197748902463,1400.0,1400.0,1420.0,1420.0
0.500 ~ 0.600,1363.3771325051757,1380.0,1398.8499774443092,1400.0,1400.0,1420.0,1420.0622076512982
0.600 ~ 0.700,1378.8499774443092,1381.1500225556908,1400.0,1400.0,1400.0,1420.0,1421.0840285005768
0.700 ~ 0.800,1380.0,1398.8499774443092,1400.0,1400.0,1400.0,1420.0,1421.1500225556908
0.800 ~ 0.900,1380.0,1400.0,1400.0,1400.0,1400.0,1420.0,1422.2962260002323
0.900 ~ 1.000,1380.0,1400.0,1400.0,1400.0,1400.9412707396968,1420.0,1437.7075346495083
