Accuracy,5% Percentile,20% Percentile,30% Percentile,50% Percentile,70% Percentile,90% Percentile,95% Percentile
0.400 ~ 0.500,1311.640871236288,1344.3369271226118,1357.42314162633,1378.7186631168843,1398.9161778223724,1425.8295027971076,1439.8184874212284
0.500 ~ 0.600,1325.5663413568623,1356.4782693090374,1366.434462063875,1385.4511320561667,1404.1028006291012,1433.6716989186107,1445.4814130495793
0.600 ~ 0.700,1339.6349316253802,1366.1614404408906,1379.5252202406912,1397.7047554273615,1415.3634260097767,1439.3139084130162,1453.4859513195472
0.700 ~ 0.800,1351.5956392661324,1379.434488108938,1386.9397635496953,1403.2592330973243,1421.0802531409577,1449.3183275949132,1460.6855191131667
0.800 ~ 0.900,1363.8115445883827,1386.7367988623948,1399.1501559107003,1416.3421815018717,1433.4400469133936,1457.413374973151,1471.5128727261736
0.900 ~ 1.000,1377.8744303187075,1399.6103128305404,1405.2870977879084,1421.8482987350903,1440.442167225006,1470.6956214281659,1484.2228462967794
