Accuracy,5% Percentile,20% Percentile,30% Percentile,50% Percentile,70% Percentile,90% Percentile,95% Percentile
0.2,1071.8806871519512,1109.4122085233466,1123.0709244585676,1149.6641716709034,1175.4244272103724,1219.5491387526322,1240.5804872017877
0.3,1099.9294144899065,1136.051237559873,1153.3504351195902,1183.297650789651,1219.9010559345402,1270.486315538454,1291.909074579512
0.4,1133.075817417759,1171.791217596711,1189.5386382653671,1220.719498799459,1249.9475174118375,1304.3108438083284,1333.3078848071243
0.5,1171.9501884364943,1218.3809878930751,1236.4471058338622,1272.3901580294591,1312.9970442798017,1367.053648865017,1401.2604279422903
0.6,1223.568128455836,1265.6757636693399,1287.813604392939,1328.403883318115,1370.7823632584011,1436.9019789871315,1473.8063459240582
0.7,1268.7195751173044,1328.45539141038,1357.2989361229356,1402.0096202544394,1449.3671663548869,1527.2091819959257,1566.549756530101
0.8,1356.4129755251172,1424.6192884988784,1451.617786033621,1499.8358232086873,1545.0009485370144,1617.7018463533072,1649.3366405178865
0.9,1484.3992702642188,1562.3457874120763,1597.5958601230068,1644.995737842745,1695.1901299027984,1764.4355315295247,1796.213220142415
1.0,1800.0,1813.2614168070513,1824.3965342824276,1834.9234000901145,1838.4775451000376,1857.248848264854,1865.4918973827807
