Accuracy,5% Percentile,20% Percentile,30% Percentile,50% Percentile,70% Percentile,90% Percentile,95% Percentile
0.2,1357.1599101798895,1389.2970905458253,1401.8105259335252,1422.738056337377,1445.6282880183358,1481.5954655726907,1497.4538393151875
0.3,1377.160238382895,1413.5809452453134,1427.647742961934,1451.587552554153,1477.9504477622747,1511.8899367582626,1527.5569518769128
0.4,1406.1579555679307,1438.113430777219,1455.2503686908017,1477.0841655531851,1501.462633533623,1537.3359148744166,1554.7107906799224
0.5,1433.6723059796514,1468.0168606012835,1481.9162016829655,1508.483446019278,1531.1037119606888,1565.8613512145207,1581.6758598361207
0.6,1465.7692971716613,1497.8984768638527,1509.7732175848857,1532.6861037871527,1555.4835739366172,1591.2500205943495,1605.2377861741124
0.7,1498.3159635743302,1533.63817975402,1544.694136102898,1568.0221930599214,1588.1284386657462,1618.4577452343635,1634.3879224299744
0.8,1533.325412525972,1562.229809372214,1574.4498802695477,1592.7274082749577,1613.2845730482713,1643.0172797567716,1658.6109910958965
0.9,1570.9463754277147,1598.1730082170811,1609.320840534343,1626.5843918245066,1644.4768316018901,1670.356296067037,1683.9057017383723
1.0,1617.3044910398633,1635.7858161164113,1642.8741666021508,1656.3660306678494,1670.915390768181,1690.3167403455504,1699.2251024279694
