Accuracy,5% Percentile,20% Percentile,30% Percentile,50% Percentile,70% Percentile,90% Percentile,95% Percentile
0.2,1173.8319315104518,1206.4683298201144,1219.348688983494,1243.302334322397,1265.3586321135626,1293.445987021464,1312.544708719465
0.3,1209.910856736551,1242.0024626495526,1255.7162642807743,1275.123540875781,1299.271411300563,1333.6797507966442,1348.9963217349923
0.4,1243.9067769313892,1274.1806143020256,1288.2469076956772,1310.7440941894724,1334.2443197656037,1368.0100489748197,1382.7600903980137
0.5,1281.592328868405,1312.4760231680032,1325.8151337278798,1349.4474880151408,1374.9571832605272,1411.411231578156,1429.742661261015
0.6,1320.257276084802,1358.7444658393717,1373.216830599023,1393.5146539562645,1417.2375770673457,1455.7212649887674,1472.8277694816613
0.7,1366.6548237245497,1402.2274814979833,1419.3084587403991,1443.99450778591,1467.4683209625964,1504.15049654271,1522.160804326515
0.8,1419.7813401571245,1456.1576382736682,1470.921881305046,1497.1461647964531,1523.5026085447869,1558.7760746025465,1574.0407363703082
0.9,1492.5821217394537,1521.8566305907837,1533.901249249452,1556.0534739382567,1577.2427242458714,1609.3727853867956,1626.7806197657637
1.0,1582.903132449833,1600.6844259487727,1609.6436640762095,1626.7731577605364,1640.928397006314,1664.129035415004,1676.2327261292048
