Accuracy,5% Percentile,20% Percentile,30% Percentile,50% Percentile,70% Percentile,90% Percentile,95% Percentile
0.2,1278.9715645302954,1326.8800596685367,1347.7714576329247,1385.9104782066368,1430.2394549046703,1504.2913602588417,1543.0876798581337
0.3,1303.9583034910047,1356.89630778474,1381.5292726045095,1426.823283054635,1473.3075023259805,1550.659115018951,1592.3174232971733
0.4,1331.1399438668102,1394.8198162780066,1416.974462406361,1464.7660490615838,1508.4847647619163,1584.46169504336,1618.0750489286736
0.5,1367.8726925035085,1431.3709024205652,1452.5530466658395,1505.3264409727983,1555.4954554508404,1632.247037461893,1674.208449228853
0.6,1416.7470854020137,1475.2652589509808,1502.4665164354838,1554.7942561368343,1601.2257962293236,1675.89755463442,1717.5418297637652
0.7,1466.4230424820564,1536.4428589269435,1566.7497618578334,1613.9025823122486,1665.6746144290287,1732.849116248867,1763.6363636363637
0.8,1536.8528176364744,1607.2808155795117,1629.4400977410767,1671.7860401619719,1731.0285715656657,1773.0596466832212,1800.0
0.9,1614.5994910865857,1675.17263125201,1707.7853561146228,1744.8835826067086,1779.4774785571174,1813.2464865704453,1824.7332326591156
1.0,1800.0,1800.0,1800.0,1812.9704496476754,1813.4495053553974,1826.0462335956886,1837.1830023654486
