Accuracy,5% Percentile,20% Percentile,30% Percentile,50% Percentile,70% Percentile,90% Percentile,95% Percentile
0.2,1066.6333017847437,1107.9945653054672,1124.2500434335677,1154.1355334201114,1187.3822411209349,1242.5769516641633,1265.620183842093
0.3,1093.6792108019163,1137.696308592483,1156.483073236654,1190.7103417647904,1228.3891461664375,1289.6787996030762,1324.9448575163433
0.4,1127.995708834832,1174.5369216110892,1196.9337050531142,1233.5986902008635,1273.9285903110335,1348.2319171835907,1373.6720736610257
0.5,1161.357310037776,1217.6644981982768,1244.5179111535315,1283.5431120706623,1325.2475876232552,1404.9484750935562,1450.2509104373592
0.6,1209.4779025889766,1274.51155435853,1296.5947123342955,1345.2168822726553,1394.0836348541313,1469.0395740110991,1508.2099746909466
0.7,1273.2779105258735,1344.0934430214481,1370.937205678939,1427.8411647959547,1481.4950614787972,1578.1552890418384,1616.9857104519979
0.8,1368.3370477511967,1447.6776029101452,1478.1710243557716,1536.040080604366,1593.9842311078091,1672.574151077695,1708.9141336486427
0.9,1505.7582464880602,1593.6842793507647,1625.4759248921096,1673.2679252392918,1727.7287613147855,1777.7445920965201,1807.2727272727273
1.0,1800.0,1806.8663976319456,1807.2727272727273,1813.6218686405396,1814.7252398750104,1826.7645458232819,1829.1489442028499
