Accuracy,5% Percentile,20% Percentile,30% Percentile,50% Percentile,70% Percentile,90% Percentile,95% Percentile
0.2,1698.3684432022471,1733.2464865704453,1733.2464865704453,1800.0,1800.0,1800.0,1800.0
0.3,1699.2466430773513,1733.2464865704453,1763.6363636363637,1800.0,1800.0,1800.0,1800.0
0.4,1732.8166121809854,1733.2464865704453,1763.8389761265598,1800.0,1800.0,1800.0,1800.0
0.5,1733.2464865704453,1733.2464865704453,1800.0,1800.0,1800.0,1800.0,1800.0
0.6,1733.2464865704453,1763.6363636363637,1800.0,1800.0,1800.0,1800.0,1800.0
0.7,1733.2464865704453,1800.0,1800.0,1800.0,1800.0,1800.0,1800.0
0.8,1733.2464865704453,1800.0,1800.0,1800.0,1800.0,1800.0,1800.0
0.9,1733.4490990606416,1800.0,1800.0,1800.0,1800.0,1800.0,1800.0
1.0,1800.0,1800.0,1800.0,1800.0,1800.0,1800.0,1800.0
