Accuracy,5% Percentile,20% Percentile,30% Percentile,50% Percentile,70% Percentile,90% Percentile,95% Percentile
0.2,1661.7483320680926,1684.2943533592686,1693.0040343348805,1709.7382627998236,1730.9466426879717,1753.8366766984936,1766.6232432852228
0.3,1669.3732235646614,1692.477465092372,1700.5509071875358,1720.0653609289172,1734.325869190131,1761.129354650798,1766.6232432852228
0.4,1670.3679876442368,1699.4201401411437,1709.7382627998236,1729.021290777977,1742.4568106136705,1766.6232432852228,1779.2806993042577
0.5,1687.8626245158716,1709.7382627998236,1720.4133058034872,1734.325869190131,1751.4415033568575,1773.6645382374331,1781.129354650798
0.6,1691.7741722153366,1718.789067420113,1723.1885695543294,1741.8189814343912,1754.325869190131,1774.325869190131,1786.6232432852228
0.7,1700.9125364449376,1725.7635439982987,1737.342083377328,1749.021290777977,1761.2430373947298,1786.6232432852228,1786.6232432852228
0.8,1714.0063956161855,1739.2657979598664,1748.3380252836791,1761.129354650798,1773.6645382374331,1786.6232432852228,1793.6645382374331
0.9,1729.1422655686035,1748.902504407111,1753.6645382374331,1761.129354650798,1773.6645382374331,1786.6232432852228,1793.046638661883
1.0,1748.7974129416318,1760.9131718694177,1761.129354650798,1773.440885174515,1773.6645382374331,1786.6232432852228,1793.6645382374331
