Accuracy,5% Percentile,20% Percentile,30% Percentile,50% Percentile,70% Percentile,90% Percentile,95% Percentile
0.2,991.4515673849193,1026.49232268671,1041.2035489684324,1070.3891531693946,1097.671072975441,1142.7997755535164,1160.9598775775225
0.3,1016.2231088939469,1056.9548127161288,1074.5568450413427,1104.5210344689863,1134.856076170746,1177.7854656128634,1205.2314550902113
0.4,1055.2729364418753,1093.5541368805768,1109.401532159809,1142.9548417118078,1178.2737158749533,1236.3473862228952,1266.0151652416987
0.5,1088.4572814476755,1134.3468775918147,1150.947399205839,1184.9771195367764,1223.6560699186546,1288.0121854094311,1325.2183522132364
0.6,1137.138898299085,1185.6872560293807,1202.9679449573048,1248.8716679322474,1290.9067735209899,1362.5466935928653,1386.8332279377364
0.7,1198.1917597045315,1267.2270238119183,1291.0553147248495,1339.830674228821,1390.0618035808222,1468.6759786093035,1519.994922394486
0.8,1284.6017768485642,1358.2292405477513,1386.5673571257717,1435.8335848956492,1492.905342527425,1587.9313331070825,1632.537817931456
0.9,1436.9667736348279,1529.935201644694,1561.577852945826,1613.9725342388226,1664.2726210603364,1734.598418545399,1756.2037463764616
1.0,1800.0,1807.3112562583256,1813.4048825166105,1815.564170064374,1821.8290098160292,1833.9158044442022,1839.6232260057375
