Accuracy,5% Percentile,20% Percentile,30% Percentile,50% Percentile,70% Percentile,90% Percentile,95% Percentile
0.2,1076.7498202842999,1115.025327407007,1129.2367371442765,1151.1897808934061,1172.6615216150913,1205.137850137325,1224.696036461452
0.3,1145.883036649845,1179.4444945105465,1191.1848970945534,1213.4681369758885,1235.5037653590184,1268.7777404297246,1284.8887873360552
0.4,1202.3265169635897,1232.7870768280513,1247.3451376724126,1266.826818891089,1289.5111042018298,1322.1472900391084,1339.9396035682219
0.5,1249.8399577058647,1280.2685850127843,1292.399373345159,1313.1823336445095,1334.5127125233405,1364.790675515921,1379.438642440497
0.6,1294.0639099235877,1326.100732303362,1337.0508931782786,1359.3013350478677,1379.3773740900444,1408.8524816827767,1422.34698862531
0.7,1341.0064157682768,1372.6502665511475,1382.8782603633438,1401.7754140772656,1421.3606796489792,1444.508399311795,1456.0220068244657
0.8,1389.5936624763951,1416.5099348396268,1425.9067081600172,1443.5480492316942,1462.1249558635802,1483.7182835017088,1494.348153430965
0.9,1442.905066649705,1462.0493728411261,1471.628700532182,1486.1102973189782,1499.725612658355,1519.4731413401028,1531.0902095847173
1.0,1507.0689362142136,1515.5252837797755,1520.055376906758,1529.7700593218094,1539.344761984277,1556.2669133645697,1565.6561307079853
