Accuracy,5% Percentile,20% Percentile,30% Percentile,50% Percentile,70% Percentile,90% Percentile,95% Percentile
0.2,1093.68011890852,1127.5654438953795,1139.8007398398481,1158.7690854050531,1179.179577160209,1214.6754749254976,1229.8916538597996
0.3,1149.5720372663206,1183.8012702684005,1195.9931675904515,1217.1117315326492,1237.924189166202,1265.863998693223,1280.6958009048365
0.4,1198.3607317563371,1232.0238034957908,1245.3934399094337,1265.9493176482024,1288.5457691811591,1323.2362301468847,1340.1109272607416
0.5,1250.3574060038736,1278.7944206688155,1291.911203637536,1311.675271714351,1334.1739635357267,1366.8921104080305,1380.2973868078047
0.6,1297.600318374124,1325.747583652025,1336.9733966899971,1354.0194605053866,1373.4845700597245,1402.741620545823,1414.7077932026589
0.7,1342.763986910737,1371.0854951712324,1382.5489773579534,1401.682177501988,1420.185348667074,1443.0810140569656,1458.8455547588846
0.8,1392.7539592857242,1418.5361967360425,1427.6281077546048,1443.8706830084589,1460.649593125821,1484.1376534407384,1497.3889662483305
0.9,1438.2280100887497,1463.7611683099958,1472.5372661664994,1486.8124969207934,1501.3191855508214,1520.894485759064,1528.9409062171953
1.0,1506.5267758411592,1517.5116545514422,1521.9836788979972,1530.326232012284,1539.771375799034,1558.0030274012004,1568.0187951021078
