Accuracy,5% Percentile,20% Percentile,30% Percentile,50% Percentile,70% Percentile,90% Percentile,95% Percentile
0.2,1515.057599272246,1561.6811469054767,1585.3352207650955,1637.9974296766143,1671.3096763179171,1733.2464865704453,1763.6363636363637
0.3,1532.8683139845302,1590.2544286100986,1614.1952294644161,1670.0482648526638,1699.1855835264346,1763.6363636363637,1800.0
0.4,1560.5136760366113,1613.6424110249318,1638.7056333761304,1671.2406387675035,1732.8166121809854,1773.8449090800116,1800.0
0.5,1562.225658151008,1634.4312582760613,1666.2307723590961,1699.2466430773513,1733.2464865704453,1800.0,1800.0
0.6,1587.7649380773646,1670.5410114311628,1671.161376977409,1732.8166121809854,1751.0533338380492,1800.0,1800.0
0.7,1638.5130083456809,1687.3248757133204,1728.0265125203973,1733.2464865704453,1779.2466430773513,1800.0,1812.4179036349537
0.8,1670.5410114311628,1733.0192246711815,1733.2464865704453,1768.5085548347854,1800.0,1800.0,1813.2464865704453
0.9,1721.546910106631,1733.2464865704453,1763.6363636363637,1800.0,1800.0,1813.2464865704453,1813.2464865704453
1.0,1800.0,1800.0,1800.0,1800.0,1800.0,1813.2464865704453,1813.4490990606416
