Accuracy,5% Percentile,20% Percentile,30% Percentile,50% Percentile,70% Percentile,90% Percentile,95% Percentile
0.2,1087.66400711643,1116.0364559282248,1128.7577307508018,1151.3927923407493,1175.2911227504276,1208.7842058961821,1228.8423379837018
0.3,1140.9444798518175,1177.0170404447992,1191.3761968972183,1214.0741914767102,1235.5005290434472,1267.3620334074544,1284.492628174747
0.4,1204.2847663529583,1232.205420642134,1246.7583614121866,1266.5206271450218,1289.9139463428085,1319.0104085901194,1331.199845491842
0.5,1251.1840107230485,1278.8175418926096,1292.3218672875819,1311.7103691245911,1334.7285256485773,1364.2461425834172,1378.3611275030373
0.6,1292.144630299721,1326.0721878117224,1337.2275799680654,1358.9349421115508,1378.5621026780204,1406.3650527635116,1418.6894897910183
0.7,1343.532153551344,1368.5315010865875,1383.480951910016,1402.1439017975588,1419.8280324906477,1443.3168890108898,1456.1301632573354
0.8,1392.6065151339078,1418.7937020945926,1427.087179149817,1441.7312308309163,1459.3854148068924,1483.6643925500339,1496.4411657289168
0.9,1437.7056131861727,1463.3490316850869,1471.5767986868314,1485.780408807037,1499.8673268815874,1522.2823778700263,1531.3261813124034
1.0,1505.9049008925906,1516.1613939609915,1521.202170955829,1530.1404420580586,1538.515121110546,1553.66200820161,1562.8972432317726
