Accuracy,5% Percentile,20% Percentile,30% Percentile,50% Percentile,70% Percentile,90% Percentile,95% Percentile
0.2,1087.66622241345,1115.527021277239,1131.8440780936835,1153.5216531177805,1176.2579282771371,1210.5182551030903,1226.4323412045355
0.3,1145.190934697093,1179.2559816299247,1191.5642773753352,1213.0788698323877,1234.5918153344635,1269.922688887887,1286.1494938913331
0.4,1195.4436158715657,1231.8956424289672,1244.6077191717172,1265.6149101809824,1285.5733402641044,1318.2053342480333,1333.051675850581
0.5,1246.8275863318659,1280.4991262390583,1293.716796255315,1313.7359326775847,1334.4199946307506,1365.6206900853256,1376.994129162192
0.6,1296.0876899572324,1325.6674080698965,1338.3395648125613,1358.5344522315756,1377.9214021325813,1405.431196551226,1422.0337719980039
0.7,1343.6979147243815,1369.537390267483,1382.0494351516213,1399.8884363417944,1418.527137741569,1443.4719353612747,1455.269740525673
0.8,1389.003446089789,1416.2676328909436,1426.9025760744964,1442.5688332843242,1458.762975258294,1484.4332766408388,1493.3026294013957
0.9,1442.7998850480737,1467.4354579800079,1475.2050873774594,1488.0546422412376,1500.9168176502915,1521.8542211524866,1530.6165752468983
1.0,1505.7782513275738,1515.8341294417296,1521.3404202180495,1530.4670667342682,1539.4975241222749,1554.4187235116133,1562.3419686196873
