Accuracy,5% Percentile,20% Percentile,30% Percentile,50% Percentile,70% Percentile,90% Percentile,95% Percentile
0.2,1608.766340317104,1657.154122248799,1670.614543790036,1699.747854088796,1723.1885695543294,1763.8389761265598,1772.8424855726457
0.3,1627.9023429270826,1669.5392128623012,1687.983937071553,1709.4525983324613,1734.325869190131,1766.6232432852228,1773.869361479499
0.4,1629.6964729577294,1672.202325305244,1690.56354810416,1715.216303995615,1741.2335528049186,1771.667485977141,1786.6232432852228
0.5,1647.0250871917765,1689.4448051425427,1703.4660485487557,1729.2455162109889,1752.9427470118042,1774.0774096802825,1786.6232432852228
0.6,1663.763287343486,1699.033922503109,1711.910833353672,1730.8437752970926,1753.6645382374331,1780.1780855948564,1786.9249698801564
0.7,1675.1123134359207,1707.7018659102505,1719.573292178913,1741.023727606254,1756.0255586039787,1786.336692548206,1786.828088563629
0.8,1690.0911322123668,1722.0129389396373,1733.228104170364,1751.1858818660935,1769.4015501695217,1786.6232432852228,1793.9097308318294
0.9,1706.1583732042013,1734.6781507539042,1742.337942838345,1760.6660525076727,1773.3542936487781,1786.724549530321,1793.8540760055605
1.0,1725.8563309674607,1748.512944028698,1749.4156260021573,1761.3478611578382,1773.8703520630231,1786.724549530321,1793.6467644798083
