Accuracy,5% Percentile,20% Percentile,30% Percentile,50% Percentile,70% Percentile,90% Percentile,95% Percentile
0.2,1692.4166614044311,1727.2727272727273,1727.2727272727273,1800.0,1800.0,1800.0,1800.0
0.3,1726.9096366265696,1727.2727272727273,1763.6363636363637,1800.0,1800.0,1800.0,1800.0
0.4,1727.2727272727273,1727.2727272727273,1767.2727272727273,1800.0,1800.0,1800.0,1800.0
0.5,1727.2727272727273,1727.2727272727273,1800.0,1800.0,1800.0,1800.0,1800.0
0.6,1727.2727272727273,1763.6363636363637,1800.0,1800.0,1800.0,1800.0,1800.0
0.7,1727.2727272727273,1800.0,1800.0,1800.0,1800.0,1800.0,1800.0
0.8,1727.2727272727273,1800.0,1800.0,1800.0,1800.0,1800.0,1800.0
0.9,1727.2727272727273,1800.0,1800.0,1800.0,1800.0,1800.0,1800.0
1.0,1800.0,1800.0,1800.0,1800.0,1800.0,1800.0,1800.0
