Accuracy,5% Percentile,20% Percentile,30% Percentile,50% Percentile,70% Percentile,90% Percentile,95% Percentile
0.2,1402.5526204694645,1469.2665049501086,1500.5074473173815,1557.791902262949,1606.0539596946953,1671.314537369533,1699.2310207314438
0.3,1436.4786167743696,1501.371742938954,1530.1169370808539,1568.502119027156,1614.937889230766,1697.9496305918797,1733.2464865704453
0.4,1455.3015045379957,1533.0810378053795,1561.9818395184107,1613.1263854726994,1658.823720839285,1732.8166121809854,1733.6561771272582
0.5,1490.508776116195,1561.8807202033906,1590.3726988025842,1638.5996158136948,1676.8249730795403,1750.814118000412,1800.0
0.6,1532.5235065482063,1607.087967725252,1621.4877158573654,1670.9462510596256,1718.1997429794278,1763.8389761265598,1800.0
0.7,1562.6033740636585,1638.4645430530009,1670.413492590788,1699.2466430773513,1733.4177405236646,1800.0,1800.0
0.8,1614.6610038022254,1679.0122509092796,1710.8113097394344,1733.4490990606416,1773.6561771272582,1800.0,1813.2464865704453
0.9,1671.0421114487099,1733.2219056686274,1733.4490990606416,1800.0,1800.0,1813.2464865704453,1813.6561771272582
1.0,1800.0,1800.0,1800.0,1800.0,1813.003025706852,1813.6561771272582,1825.493933785122
