Accuracy,5% Percentile,20% Percentile,30% Percentile,50% Percentile,70% Percentile,90% Percentile,95% Percentile
0.2,1199.761272433217,1259.3919207549616,1284.6745896575378,1328.9599232283997,1375.4071935038955,1460.6089110551204,1507.5354070221313
0.3,1226.5177215147337,1285.99400993082,1315.8034003716164,1366.5624517316658,1417.434846789223,1507.6437291643726,1561.4395034711165
0.4,1270.3690876675764,1330.0613539521119,1362.361292980586,1411.1621725852642,1472.358397456348,1562.145567645311,1598.2636709921394
0.5,1310.1766638524537,1376.4093392106834,1406.703679965949,1459.9372704660025,1532.429032358023,1604.68963498845,1644.5665532083449
0.6,1352.8271491998623,1430.715278108314,1475.6863523260508,1526.4590431158051,1579.4565483786619,1658.8126101455393,1702.8330750001987
0.7,1429.563835829382,1504.660569975651,1532.9328156086947,1592.198587367651,1641.9690405363824,1727.2727272727273,1738.6503641079405
0.8,1504.4451393229886,1584.0874319451332,1605.2725499032888,1658.3741025945428,1726.9492825093866,1772.3908548896698,1800.0
0.9,1598.0058232747701,1664.830073029431,1696.2734114610257,1734.426342574503,1776.7266660372559,1807.2727272727273,1813.9238941968904
1.0,1800.0,1800.0,1800.0,1806.984233984548,1807.2920929858892,1814.377709912621,1820.4700225058075
