Accuracy,5% Percentile,20% Percentile,30% Percentile,50% Percentile,70% Percentile,90% Percentile,95% Percentile
0.2,1126.8043156913654,1153.857687915133,1166.2466317092524,1185.12701275089,1203.7856515871763,1234.6778349709978,1249.6001445931531
0.3,1156.4903393501963,1185.7803618098837,1198.1944064098539,1220.6173352828919,1240.0529460767973,1273.3124329596762,1286.6166154950915
0.4,1193.4956588515408,1223.623290371929,1237.8415085995025,1258.5908251705087,1280.5417803196417,1310.779600160407,1324.9971897338442
0.5,1233.8196444336054,1265.0772829450684,1277.0786874543423,1299.8647555969649,1321.4082243096336,1351.627248099424,1365.3542996538881
0.6,1269.4867407161796,1305.1058490471034,1319.1432040067698,1341.4965491269154,1362.939583601416,1395.3397084883964,1412.8848092598469
0.7,1319.4883215013144,1355.6454741441446,1368.7994695448283,1389.9748226259778,1409.401880444588,1439.2867990111813,1455.6758940364575
0.8,1382.8783927082861,1412.9786853505389,1425.6332446539157,1445.4379500986054,1467.9177721896417,1495.7734853152876,1509.8701367835886
0.9,1453.9377392331219,1479.6368363028826,1490.6872394599488,1507.8847250983556,1527.1494251487395,1555.5886898559263,1571.4672760860462
1.0,1549.4586474055388,1565.962139245344,1572.2311786090029,1584.5829955932993,1597.87751997857,1618.7916498987477,1628.1147066241615
