Accuracy,5% Percentile,20% Percentile,30% Percentile,50% Percentile,70% Percentile,90% Percentile,95% Percentile
0.2,1224.1930407361403,1257.2659886782449,1268.2652257249479,1291.634375166219,1313.5089613110115,1347.399648091465,1362.86002146387
0.3,1260.0444117942068,1290.7856696660508,1305.122322898112,1325.9161119902633,1350.0611384405347,1381.1061740490036,1395.477240530241
0.4,1292.5777013105665,1325.349607758137,1339.2632790576781,1362.5739205344653,1387.2622865641097,1419.5777953889874,1437.5714226353198
0.5,1327.2025563460443,1359.7552973830075,1374.73990250447,1396.4879913215025,1419.3748743468475,1449.177070356911,1468.1213930714812
0.6,1366.5336870058625,1396.9283664933491,1408.9877419240695,1431.125503949129,1451.3529581656378,1483.2341315706965,1498.6241544386855
0.7,1407.1060077316638,1435.377472860452,1446.45524312662,1465.8247099300395,1485.125246051412,1519.443497209575,1535.4570179881293
0.8,1446.400628059785,1474.6032529524882,1486.1259304437829,1505.5334145163079,1525.0545235527213,1554.0440998345541,1568.2083984318995
0.9,1494.0446017948866,1518.6664118614988,1527.7661623755819,1544.3568141321896,1561.0579155664818,1585.5503426169212,1598.5532096871318
1.0,1548.6777095114355,1562.720663732608,1569.4961639499772,1581.8757912641768,1595.4231596482293,1617.8439403321536,1628.240811655317
