Accuracy,5% Percentile,20% Percentile,30% Percentile,50% Percentile,70% Percentile,90% Percentile,95% Percentile
0.2,1423.5404799886828,1465.859246074441,1483.4576341925758,1515.995562298721,1547.0773766755897,1592.8231389131918,1613.2845016908402
0.3,1440.2080553905917,1484.2642558802224,1505.5631710809641,1539.1644342941834,1568.3955666707998,1610.908416201047,1630.8059930249701
0.4,1467.7848963009374,1511.862804238248,1530.6415566317173,1559.9669564363708,1591.7271646850384,1640.245805483247,1660.8348218414296
0.5,1490.7665943692814,1535.2334351918648,1551.1136963105962,1578.6472430535846,1610.1786624064896,1652.0647814935403,1669.5096215412061
0.6,1514.536415948946,1560.4193537628728,1574.9448279399676,1604.438079015797,1629.7626599483817,1666.604795794651,1688.1194741522145
0.7,1542.6685067770343,1583.0014645453475,1598.1718828789349,1625.8828411370516,1651.3142288637844,1687.210644444365,1707.386862685292
0.8,1569.3780752865193,1609.4529488290389,1626.5615344046812,1647.9836035444403,1671.4643453257581,1702.6049566369059,1713.8658072349965
0.9,1611.096287532518,1641.394248711506,1652.5172262839842,1672.0084967507364,1693.3691715574798,1721.454420311438,1733.236503850644
1.0,1642.450274938431,1667.185078918154,1676.6157645491132,1692.718604181415,1708.8716485149487,1733.3283409452895,1744.3873011191977
