Accuracy,5% Percentile,20% Percentile,30% Percentile,50% Percentile,70% Percentile,90% Percentile,95% Percentile
0.2,1293.2531829188392,1327.3626892791508,1343.2757665363606,1368.8512089742799,1397.4804998534444,1433.2655344306984,1451.8914146391542
0.3,1321.6533538506194,1354.2701282354749,1366.051086464236,1392.6099483463483,1416.4046433096598,1459.1617761246093,1481.445800681705
0.4,1351.8564520120408,1385.4611725397788,1400.4960373507627,1427.449139987075,1454.1314241205419,1494.6616166841063,1512.3610251507482
0.5,1381.9148672563397,1419.96842148131,1433.7645694973555,1457.6734143119547,1484.340003759079,1522.200163968042,1546.4054438781902
0.6,1413.9885155251893,1450.180520668065,1464.5000908425843,1492.2847692352793,1517.9093972491182,1553.7353631932237,1578.035960601049
0.7,1450.0993956869,1486.0400705572622,1499.4131487567008,1523.359680648471,1545.9708566539882,1578.7778177995428,1602.2162862852547
0.8,1488.8617625950353,1522.9056902045106,1534.994559493186,1555.527142585964,1576.1487120921493,1609.1525401218485,1621.2425332402634
0.9,1532.830603393666,1559.7536149083649,1569.0756980094554,1586.1655683958645,1608.2203834812958,1636.8838368395432,1651.3653290072918
1.0,1581.4871021901242,1601.5486611266692,1609.8450481703917,1625.1860918577993,1641.214340596823,1665.18895547744,1675.3286297526545
