Accuracy,5% Percentile,20% Percentile,30% Percentile,50% Percentile,70% Percentile,90% Percentile,95% Percentile
0.2,1291.074980042148,1328.4768720341133,1342.3537700753047,1366.2641923099168,1393.908412999719,1433.4978228726145,1456.6850842071633
0.3,1319.6860035083787,1356.4983267388304,1370.766850729734,1397.0201276215432,1423.7072359155163,1467.4149935363723,1485.7060073471403
0.4,1345.963517442212,1386.5912459321075,1400.361984194403,1427.3882007684451,1454.9242114674971,1492.8004327815634,1508.2966818740401
0.5,1378.9142588696434,1416.387422868178,1433.5307299546537,1455.9859795940033,1484.05272834575,1517.7845496109207,1537.733719635549
0.6,1413.1451468362327,1446.3681738349685,1463.1942543732175,1486.6708398221763,1509.8765481043993,1547.560711417857,1566.6579178569498
0.7,1450.321762960349,1487.1486517940675,1498.890067363543,1520.5674598424453,1544.234795891891,1579.0087577019262,1597.1406064747673
0.8,1490.5879714399196,1522.0288274525317,1533.947502389826,1555.1180790264061,1578.256213212554,1608.8435585206687,1623.762156572168
0.9,1531.998652385055,1558.4153992083388,1570.3624452814063,1589.1463314217842,1609.753589851922,1641.7036338609712,1657.9238480898723
1.0,1582.4144305970594,1600.8753933921403,1609.3526102106384,1623.3665020861015,1636.9554163487824,1664.0409085675078,1677.314420979108
