Accuracy,5% Percentile,20% Percentile,30% Percentile,50% Percentile,70% Percentile,90% Percentile,95% Percentile
0.2,1734.325869190131,1766.6232432852228,1766.6232432852228,1786.7245495303207,1800.0,1800.0,1800.0
0.3,1734.325869190131,1766.6232432852228,1766.6232432852228,1800.0,1800.0,1800.0,1800.0
0.4,1741.129354650798,1766.6232432852228,1773.440885174515,1800.0,1800.0,1800.0,1800.0
0.5,1753.6645382374331,1766.6232432852228,1786.6232432852228,1800.0,1800.0,1800.0,1800.0
0.6,1754.2214981931093,1766.724549530321,1786.6232432852228,1800.0,1800.0,1800.0,1800.0
0.7,1754.325869190131,1773.6645382374331,1786.6232432852228,1800.0,1800.0,1800.0,1800.0
0.8,1763.6363636363637,1786.6232432852228,1786.6232432852228,1800.0,1800.0,1800.0,1800.0
0.9,1766.6232432852228,1786.6232432852228,1786.6232432852228,1800.0,1800.0,1800.0,1800.0
1.0,1773.6645382374331,1786.6232432852228,1786.6232432852228,1800.0,1800.0,1800.0,1800.0
