Accuracy,5% Percentile,20% Percentile,30% Percentile,50% Percentile,70% Percentile,90% Percentile,95% Percentile
0.2,1254.3454947268751,1283.6058781224067,1293.8968305214844,1314.1881267677973,1334.8712537324186,1366.2983323869944,1385.6409448527338
0.3,1287.3346232941144,1317.1260537912472,1330.0112686690861,1352.3446583313944,1373.1533358244883,1405.9074336956737,1421.3351808630762
0.4,1318.1901950117083,1344.9904271636017,1358.670095848577,1382.4021027876943,1403.0240748193733,1438.146900566718,1454.6012574031813
0.5,1348.0750628406424,1382.1480638663363,1394.7216477655247,1417.8597719053066,1440.6843146670742,1473.8355974936533,1489.7091234198476
0.6,1389.5734452136614,1420.3271654087569,1432.7085535460158,1453.3373873956484,1475.1314654634668,1504.3601264259487,1522.3058880546296
0.7,1425.2408526048587,1453.1716567741375,1466.3268775128815,1486.3966274651675,1506.3850335519805,1537.810171427201,1552.2144944010192
0.8,1467.2811310821903,1495.8938680623962,1506.5746896685816,1526.6915583444213,1545.4454479871988,1571.3461266750521,1585.214292830944
0.9,1511.3763183711362,1534.589577206096,1544.749947230214,1562.1415449150845,1576.5746527749027,1601.657825391394,1614.3559299523656
1.0,1567.8603513220185,1583.635481519491,1590.2134383045795,1602.1659050082167,1615.8020807142973,1635.616069603127,1645.7415517529143
