Accuracy,5% Percentile,20% Percentile,30% Percentile,50% Percentile,70% Percentile,90% Percentile,95% Percentile
0.2,1296.84348967033,1337.9630055121916,1353.1329211784284,1384.445660596008,1414.231932790185,1456.1326079153494,1478.8440414995516
0.3,1332.929162692704,1369.644107593382,1386.2786248573343,1412.0129902845958,1440.4653432518094,1484.4308900621418,1508.5792319342186
0.4,1359.4795705735132,1401.272025847812,1417.9475991535885,1445.6131003913354,1475.9834133685838,1520.695807741916,1542.9483142801112
0.5,1386.946718866686,1431.7315942105618,1449.5563289372851,1479.7352835862036,1509.3938745387818,1558.4341608480186,1580.5766939213395
0.6,1427.7681733644702,1470.789530430628,1484.572684323126,1515.205679505656,1547.1869053309465,1593.7024243015646,1612.1538884104775
0.7,1468.6019529142366,1510.0805290922701,1529.3556583213629,1561.8929308506385,1587.6303927818096,1628.7178278085282,1648.26692103121
0.8,1522.2397092921913,1562.2197860831266,1576.2441818517718,1604.1012601794205,1629.86945430074,1666.9821004906867,1683.9389142368852
0.9,1574.4268847486594,1612.0503571900963,1623.948843688353,1647.832845569991,1671.068569966266,1704.186197703614,1723.0835626597404
1.0,1649.3489210791568,1670.760033727973,1679.2368023699983,1694.494706410662,1710.448837460476,1732.670323879639,1743.9864575041204
