Accuracy,5% Percentile,20% Percentile,30% Percentile,50% Percentile,70% Percentile,90% Percentile,95% Percentile
0.2,1443.0616873224226,1486.8721371257573,1508.8488880507018,1541.1991675621987,1569.7578316664838,1622.5838113486166,1639.298894594485
0.3,1465.2398647578384,1513.9024374090868,1530.2333488397337,1562.830853736046,1595.0236297760398,1644.700313399567,1669.192308068369
0.4,1490.4966819737922,1538.8107571911933,1554.4318519233018,1585.008443485276,1620.7443513013802,1662.834194182822,1680.3067997107783
0.5,1520.6996241973352,1559.0306050447668,1578.8114602907,1609.7873573250247,1642.7043745926403,1687.9062399679942,1706.9411875540393
0.6,1547.071437395761,1590.549206571783,1609.5298342119956,1635.2145681274237,1664.17044760457,1706.547192185878,1723.856326959891
0.7,1580.1491811621747,1617.2138109415293,1635.9753791497776,1663.6020549908571,1688.2215298083522,1725.414769462877,1738.6204755505526
0.8,1615.1733247707623,1648.9271870710786,1666.9301395520718,1689.7485697736631,1716.616449441765,1748.7766007937375,1760.897411910901
0.9,1648.3485670081047,1682.1519537614918,1696.276369215911,1715.9953222386637,1736.9962055039323,1757.8674557222114,1767.8384759598732
1.0,1704.1746245156044,1722.1282154198625,1726.6375666328868,1743.3360211328704,1755.3777447237492,1773.5402466089593,1780.3816827603569
