Accuracy,5% Percentile,20% Percentile,30% Percentile,50% Percentile,70% Percentile,90% Percentile,95% Percentile
0.2,1549.162125220185,1588.0282198445007,1608.423751810305,1640.423096787131,1669.3922976446408,1716.3540182622817,1734.0859998408052
0.3,1558.6952988799803,1605.8465042222542,1624.0718896325434,1650.813263954816,1679.522383785039,1719.1366623737774,1737.095899299827
0.4,1574.801415177838,1617.8241332127825,1636.4309369723187,1664.4266420108502,1692.7271086761361,1730.7364788807854,1750.7736704676843
0.5,1595.4409331808188,1635.8769912182488,1651.408994017448,1678.4024309686097,1705.408804324296,1741.8323403766592,1759.6080314849528
0.6,1613.413305280362,1650.8861164089396,1664.7966799856458,1690.8132223038317,1713.486502059057,1748.8809649208288,1761.3875230670878
0.7,1624.599459381997,1669.1600699559935,1683.3366413538633,1708.5408348040933,1727.9505010622895,1757.3454058207826,1768.6432324064756
0.8,1649.3977896459894,1685.854068271299,1698.9894195026484,1717.8748849212648,1736.766636055049,1760.9771825086143,1772.9217878646837
0.9,1675.2640935095803,1703.567711054747,1714.7060652681964,1729.6460701280612,1747.7936987171254,1768.7196395719914,1776.8073802210079
1.0,1703.7801950941723,1723.5220838901053,1726.887120554731,1743.9252758935345,1757.3623043327939,1773.5345826963949,1780.6963169799092
