Accuracy,5% Percentile,20% Percentile,30% Percentile,50% Percentile,70% Percentile,90% Percentile,95% Percentile
0.2,1359.5716747870563,1429.0858924550557,1454.8631384032235,1512.9420096769068,1592.5717394523665,1657.8617069281277,1695.8907344265824
0.3,1387.9926027578808,1467.2641093360535,1504.1534396142106,1562.1513160926966,1601.9402832402502,1674.9735599828084,1727.2727272727273
0.4,1418.9795256692485,1491.3155614544758,1531.7163771471858,1574.220318305882,1625.439810427979,1726.9096366265696,1734.6140847572426
0.5,1461.3022622312883,1532.6816016797172,1565.999564300717,1625.0749832458944,1658.8126101455393,1727.284622512452,1763.6363636363637
0.6,1490.224484228029,1569.5403422007932,1593.1724831483882,1657.827746817641,1696.8460601351446,1763.6363636363637,1800.0
0.7,1532.8721115924432,1623.2364486004217,1657.3222925385646,1692.06992176106,1727.2727272727273,1800.0,1800.0
0.8,1592.6618546463253,1658.2056646856622,1692.9690172522282,1727.2739149245149,1772.4166614044311,1800.0,1807.2727272727273
0.9,1657.827746817641,1727.2727272727273,1734.2733597606414,1800.0,1800.0,1807.2727272727273,1807.2727272727273
1.0,1800.0,1800.0,1800.0,1800.0,1807.2727272727273,1807.6716687706326,1814.2733597606414
