Accuracy,5% Percentile,20% Percentile,30% Percentile,50% Percentile,70% Percentile,90% Percentile,95% Percentile
0.2,1142.8949405731912,1182.4363374045083,1200.7802653972115,1230.9715090719546,1262.0595916954217,1307.5341620024062,1330.671714702107
0.3,1169.0276339207974,1209.432131109374,1226.0528724682185,1261.82732468095,1299.3653255474853,1349.4198209727301,1380.3818234405264
0.4,1195.666719848519,1246.3954621373282,1265.2302477598325,1301.7052700308084,1343.2956613045942,1403.994859484649,1439.9840841211721
0.5,1240.7569914974595,1290.7127005814407,1310.4308046881965,1349.130687963391,1388.9218502624224,1458.6405925292154,1498.3675730125817
0.6,1281.2972538765398,1336.330941984069,1365.807480632553,1412.969954946097,1456.5916184001874,1525.0397338171733,1567.683703789401
0.7,1345.8800656244116,1407.5295464758447,1434.2342276898933,1483.9542397038847,1530.9273702301523,1610.6163221420852,1646.174379595011
0.8,1434.3282938140233,1498.571202721685,1528.6747662405892,1579.5639304116348,1627.789588162268,1692.9135277072128,1725.087732346835
0.9,1543.9417315939113,1613.4694852708617,1640.0336791183315,1687.2962157054308,1733.1240080153786,1780.9554681351106,1812.7783300658198
1.0,1800.0,1812.265851005329,1813.0043468630881,1824.4061257488152,1826.2388899687078,1847.5386739250957,1849.2825489733113
