Accuracy,5% Percentile,20% Percentile,30% Percentile,50% Percentile,70% Percentile,90% Percentile,95% Percentile
0.2,1419.9138004591896,1465.0069826230606,1483.4421538160275,1513.0489873223144,1551.8983620525225,1597.862032713147,1623.3560789813541
0.3,1446.5575909518454,1487.2183423718243,1504.078423038634,1537.8542449779366,1565.6884525699454,1612.4216065635273,1633.8935216152445
0.4,1465.9212255402758,1509.3306027034587,1525.8476422656483,1556.7462530468758,1590.0936812698064,1635.5035016524496,1659.169047389042
0.5,1485.4919435633394,1533.7709244592625,1550.2715406812908,1580.2375049810612,1607.4389048466924,1652.9673365235972,1669.1676831894877
0.6,1519.5701642459746,1557.8506882225654,1574.044366578685,1601.5251887616769,1625.043924462682,1664.4577974984202,1679.39128092748
0.7,1545.3772799058615,1585.2172060000958,1601.745391500666,1624.68784675026,1652.206321183179,1688.892434246231,1703.7901951771694
0.8,1574.7515787123552,1611.405458735454,1627.5743428259411,1649.1369126935851,1670.719951267638,1703.3740274943766,1721.3790644421701
0.9,1602.4082548014912,1638.013760871873,1652.7555498702131,1674.9689601039415,1693.8770538138656,1718.4913365598977,1731.3295645233593
1.0,1647.267598199951,1666.89986782786,1675.5988897261866,1691.8726658446935,1709.2333253420022,1732.2893537905968,1741.091524113091
