Accuracy,5% Percentile,20% Percentile,30% Percentile,50% Percentile,70% Percentile,90% Percentile,95% Percentile
0.2,1225.4493692574051,1255.299765107159,1267.9659937867295,1288.0193006681066,1309.2733183814537,1346.735380509777,1359.4824623344555
0.3,1258.3408599229886,1292.3144219492642,1305.5317025469526,1328.7870163640878,1352.238616265985,1384.7358483873502,1404.4131907391245
0.4,1291.9864250189219,1326.711066105565,1338.6384600310757,1359.6289584739634,1382.109777133887,1414.0012954203162,1430.9608564548653
0.5,1331.836925448029,1362.5570904294023,1374.781888972198,1397.3603001926097,1421.2561684317463,1455.8262575812228,1472.9131160634518
0.6,1366.4144244443892,1398.2408659711161,1411.8160336296785,1430.4026966929832,1453.7136189589783,1487.2125443809982,1500.4272775872478
0.7,1398.8192579204717,1429.8128124739037,1441.3194793173902,1462.926607736932,1484.7631661725663,1517.9088474047583,1531.277028676796
0.8,1446.9645008280795,1473.121961150771,1484.4676853763783,1505.0493330743645,1524.2424939939324,1552.9043912362029,1566.7122000992142
0.9,1490.5320821875957,1517.780447408814,1527.453148258372,1543.7427206459608,1559.8901596966225,1584.3777637299158,1595.7206121684826
1.0,1549.299058623921,1562.331164763785,1569.0039159317423,1581.6685494483102,1596.3997929023042,1615.088770400674,1627.3120925798444
